# Cosimo Botticelli, Giulia Tumminello,Alessia Stocco,,
# PlusUltra,,,,
# ML-CUP25,,,,
# Submission Date: 20/01/2026),,,,
id,out_1,out_2,out_3,out_4
1,0.8874235779483328,-0.9306109672810976,7.9242848122121003,-8.0423867246220624
2,-3.2069528389705582,-0.2446443159977036,-27.2782904269316617,27.5279611663020418
3,-0.7691174011353183,-0.6521463004641781,-6.0876858263517306,6.5740891546981999
4,-2.2418518284611224,-0.4086056738576858,-19.2317253486330131,19.7486675228861657
5,-2.8186837626572618,-0.3103186772813338,-24.1164385137828674,24.4993708348061361
6,0.9400417189032098,-0.9400779386954135,8.3267562763793492,-8.4698675060497095
7,-3.3114993637521621,-0.2267682747346527,-28.1068448224380560,28.3158936681137945
8,1.2063590719047212,-0.9850467962597556,10.3644555472266049,-10.6396954891171305
9,2.3228983540706309,-1.1766836008310655,18.0506773900307067,-18.9043602271925621
10,0.7295329438028944,-0.9041941470749464,6.6713073932651312,-6.7137578256828192
11,2.1668668230183812,-1.1504224734945225,17.0520490183876277,-17.8241164217505883
12,2.3358844467522317,-1.1788429777899374,18.1281033548695447,-18.9882033505515864
13,1.6980446746938327,-1.0691797636235094,13.9226604802561624,-14.4515956225846871
14,0.6811107863439645,-0.8948051352853241,6.3060579572726638,-6.3266046563207254
15,-0.9129218972769451,-0.6294483130768711,-7.3961917335491449,7.9095520250577351
16,2.1881696109596405,-1.1533134626745323,17.1981888515664210,-17.9820022706207148
17,-2.4551905556540525,-0.3709374694177363,-21.0378861292774033,21.5154280486098131
18,1.0008995156457843,-0.9491890216225869,8.8157889218093786,-8.9894760597433034
19,-1.4975817368455004,-0.5327267979374035,-12.6499081015328798,13.2203702527711187
20,2.0984728771448005,-1.1379736851431836,16.6166333416445795,-17.3538168277522189
21,-2.8398805459659755,-0.3076004271057329,-24.3116405445339936,24.6866288234887250
22,0.9388244457812505,-0.9394659163279862,8.3214926659680444,-8.4638345757912532
23,1.9261634275001995,-1.1076651076767376,15.4886629164052962,-16.1369748965455884
24,-2.2189981227520406,-0.4123732539233416,-19.0335285519327684,19.5541720062519673
25,2.5137602495411144,-1.2102283643712965,19.2089806811850465,-20.1591689088936867
26,-3.3647388810502683,-0.2171524650325978,-28.5173028517102054,28.7051110912864473
27,1.5722391808793219,-1.0460049900095534,13.0658815875794048,-13.5296844096154310
28,0.6647452085481760,-0.8936140658338729,6.1479297128880646,-6.1608620058539074
29,2.3035451369180819,-1.1732484924073674,17.9289589949497739,-18.7723942283243055
30,-3.2768938801279575,-0.2311702048212751,-27.8080641822674934,28.0323957815917950
31,2.2899399273437169,-1.1709753422772309,17.8396407241114971,-18.6757698194956454
32,-3.2863676287463335,-0.2316657705749314,-27.9192355413502469,28.1376366930053834
33,-1.0804524696859801,-0.6014200893164272,-8.8934716856875866,9.4315869784232618
34,-3.0758937455272637,-0.2669284451897092,-26.2277314418615290,26.5255056171965933
35,-3.4607707510150156,-0.2007435792871419,-29.2608403585463037,29.4089329645801953
36,2.2279294128185185,-1.1588237157613115,17.4721107061966663,-18.2777144356301022
37,1.0772047275874144,-0.9629810204704654,9.3873336625218045,-9.5981447465934266
38,-3.2325999311282203,-0.2409947354474617,-27.4983247210870871,27.7372119664485197
39,-2.8447562467709133,-0.3070306048145248,-24.3520836596217123,24.7252043758673707
40,-2.6430835077305304,-0.3410055904976019,-22.6671628285813966,23.0980201267592307
41,-2.7339163476095969,-0.3238414073060412,-23.3975078922656436,23.8053663003098208
42,2.2215051616567436,-1.1583334343536755,17.4220157043803923,-18.2237867076303992
43,2.4195042693066426,-1.1925590342535521,18.6537865823156395,-19.5570503085375123
44,-2.9806017120389861,-0.2824142136730892,-25.4406258874466289,25.7721263388730009
45,-2.2581070639980680,-0.4056184733218124,-19.3721271685598424,19.8864759281367967
46,-3.4757645994104713,-0.1987524768572548,-29.3864753906148302,29.5271378398510294
47,1.7699199651148518,-1.0797368063745765,14.4457306060337274,-15.0127593786648639
48,-3.1579885009267414,-0.2531910227983367,-26.8938164499111920,27.1612169408652377
49,2.1385463409362089,-1.1452506941585874,16.8719415199778879,-17.6294496213703979
50,-2.2429914056140241,-0.4071899441457738,-19.2197651766927393,19.7377055714937484
51,-2.7559467798186077,-0.3206281623706602,-23.5893316017566974,23.9909590791101905
52,-3.5879886119030857,-0.1782257367434390,-30.2229864086832087,30.3167642753122166
53,2.5610052925481526,-1.2187144225331252,19.4883202861834874,-20.4618565342959293
54,-2.9424146624222942,-0.2902162509839492,-25.1545455274467358,25.4972175479121503
55,1.1554483299965952,-0.9763684614026111,9.9816348889406683,-10.2317093712091420
56,-2.7884339860702525,-0.3164054212253369,-23.8852760240995039,24.2756017569715894
57,-3.2601802364810482,-0.2357652142233420,-27.7058056376714674,27.9346291346814937
58,2.0671930860568679,-1.1322231422493658,16.4221171955326710,-17.1436366097342407
59,-3.0514273345588840,-0.2720764673882101,-26.0499241782275419,26.3548146169928330
60,-2.7611787351872472,-0.3209922767508431,-23.6580486296760029,24.0560639609871814
61,-2.0459858444134689,-0.4394071596586571,-17.4822745133411388,18.0288359216303107
62,2.2274989821800943,-1.1608120509889268,17.4381266338181931,-18.2413309201599390
63,2.4730818962898127,-1.2015116616070074,18.9864188362142912,-19.9174226867948789
64,2.4592472152739973,-1.2001418367962877,18.8872605622359586,-19.8101482194740903
65,2.2547393531253164,-1.1651776863591401,17.6150245582438671,-18.4324966378700594
66,2.4257894544243328,-1.1937826380153176,18.6916776474704065,-19.5977854057877572
67,-3.1869072524961979,-0.2466121331693678,-27.0944390848994701,27.3537849417835375
68,2.2112851678507752,-1.1560289027096822,17.3655824342047609,-18.1623181812954932
69,-2.6821354006844480,-0.3324864923190560,-22.9590023079900192,23.3816494241508863
70,2.0889051375696113,-1.1369929254545745,16.5482536856388620,-17.2800862231846217
71,1.9565961241418890,-1.1132923922638298,15.6871803527473688,-16.3505021668942838
72,0.4881551218667042,-0.8639914389035077,4.7112554388617767,-4.6442926640357385
73,-1.3152280567510957,-0.5622173974423283,-10.9941154731913286,11.5569522031703968
74,2.7050981478648524,-1.2425298643921217,20.3479239597775674,-21.3944563270472656
75,-3.1735612158203814,-0.2505828170361966,-27.0217106326603869,27.2837021966475177
76,-0.8527152983690272,-0.6402358782796576,-6.8768675000419179,7.3789314175417644
77,2.0559275460557060,-1.1297857841520020,16.3520744733784014,-17.0675156132999000
78,-2.2459148685047090,-0.4068604702507805,-19.2477722227266455,19.7650434646473130
79,-1.6074962282472498,-0.5137701686132701,-13.6155116612845646,14.1878183999180223
80,2.3485242768479893,-1.1802545115557876,18.2192050890347943,-19.0863904136152875
81,2.2972729362771105,-1.1712687872865537,17.9029385181473586,-18.7441403351537943
82,-3.0102485968327350,-0.2789348796126490,-25.7111575963036074,26.0309289738817071
83,2.0385310503154841,-1.1271746674525538,16.2313493036008722,-16.9371263672476395
84,-2.4242084433432538,-0.3762075628715138,-20.7715465599225624,21.2561585275465106
85,1.6155362953721166,-1.0534126613787222,13.3684517920605330,-13.8550557294278605
86,1.4660984943941742,-1.0293030265685985,12.2792437930006244,-12.6873774794698839
87,-1.5787680371413693,-0.5184454763826629,-13.3565892926866212,13.9292460364780695
88,-3.3519513276712516,-0.2198394350998356,-28.4228191468249776,28.6160652349440952
89,1.3260383966560738,-1.0038106559023348,11.2806108372254883,-11.6178559447565561
90,-3.2820569104470465,-0.2303853293373557,-27.8493023813468099,28.0716565343936040
91,2.3291421067043885,-1.1780428751937215,18.0819084896684004,-18.9380306497141753
92,-1.3912598366698639,-0.5493813364992270,-11.6741546103462710,12.2412927284014117
93,1.7216718573878325,-1.0726991176956950,14.0932540086505256,-14.6343021013354573
94,-2.7617101936375050,-0.3201494474885855,-23.6444435774156219,24.0438081667836983
95,1.8681827239017252,-1.0974182017334044,15.1047166456582076,-15.7226981649563839
96,1.0388815255937516,-0.9563452082123760,9.0969403737411412,-9.2885276632525589
97,1.1561174704440162,-0.9759248289813449,9.9966149328153264,-10.2465742885813285
98,0.4085151974059684,-0.8492160074589492,4.0837128852342843,-3.9826422661767964
99,0.3566759044469308,-0.8425625660088727,3.6120534256947181,-3.4883374899249304
100,2.6073849754422156,-1.2262475293907364,19.7696888040544039,-20.7668570140418645
101,0.7700196534176271,-0.9110329050628287,6.9934207722191601,-7.0548016050527380
102,-1.6406127033304294,-0.5091632222318729,-13.9310635718679521,14.5022207773175964
103,-1.0204712240044671,-0.6124184156102537,-8.3774025962578591,8.9075199098024243
104,0.7815648975070459,-0.9114168425020814,7.1123076911103382,-7.1803657405061685
105,2.5601036437096809,-1.2179078140083099,19.4898414945814054,-20.4633059926628071
106,-2.7776132372866655,-0.3175039672192419,-23.7796058293041881,24.1741466544168091
107,-2.8159509763555661,-0.3116090854647524,-24.1069972933813403,24.4896652047800600
108,-2.3476039060740561,-0.3902575738673981,-20.1386408990807624,20.6368054987548035
109,-2.5691208401641425,-0.3536891921851399,-22.0449209992808406,22.4947071079374794
110,-2.9120487804448878,-0.2952998220381602,-24.9027560099567324,25.2555099880910561
111,-1.4782214447973203,-0.5363995835534716,-12.4838529019955473,13.0537801320545412
112,-2.5313503509140958,-0.3600228224478528,-21.7242179184243511,22.1827317055058941
113,-3.6249743773055059,-0.1718986590713065,-30.5021881680396625,30.5795816444768249
114,-2.9259701357310313,-0.2927227072071616,-25.0151270738359202,25.3634989026827711
115,2.3504499999916177,-1.1802856121563252,18.2355731729233739,-19.1038526839248988
116,1.5971278740705657,-1.0510612188296307,13.2237400590766399,-13.7003916830727270
117,-1.7807989175146339,-0.4866007421501166,-15.1949411704394706,15.7617904208545028
118,-3.6168889283186729,-0.1731503089403787,-30.4392623826895807,30.5202964661258775
119,-3.3712114332297460,-0.2165807067040291,-28.5724331446412521,28.7573689917244408
120,-3.1067540449590680,-0.2619625342695038,-26.4847887532920510,26.7705677644858255
121,-3.0979033414857717,-0.2641578267932516,-26.4239294785039220,26.7130564179981533
122,-2.7908199824839741,-0.3157332395339694,-23.8994628742047439,24.2893425306515596
123,0.6050676602885474,-0.8825618270804796,5.6816483071479880,-5.6674186399563951
124,2.3763097604527914,-1.1858624490160103,18.3807862102746853,-19.2616613388515958
125,-3.2228467195414119,-0.2405705206366022,-27.3855047235831535,27.6307736044212433
126,2.3400312943615660,-1.1795931853689510,18.1535748095104950,-19.0156193621005443
127,-1.9524276369905387,-0.4571358021661318,-16.7000045200722695,17.2546223336061715
128,-3.0099855134259350,-0.2775247452472165,-25.6813156900444781,26.0029283155822881
129,1.4030985884395690,-1.0188653409042772,11.8172331928770049,-12.1923950154669498
130,2.4490908574263841,-1.1981621569170855,18.8290879410151391,-19.7469538910590217
131,0.3393964310163184,-0.8389393652809432,3.4854770175428698,-3.3551218065968129
132,2.1608884743992647,-1.1493813071279888,17.0121065561863745,-17.7810841586954425
133,1.4069384470378665,-1.0193895951458991,11.8478988816919397,-12.2256324820811493
134,-1.6096364178466160,-0.5139294693341441,-13.6481422154153194,14.2198205386574088
135,0.6808094682395236,-0.8962395216189023,6.2763223859239119,-6.2960948199064575
136,0.9058847527514970,-0.9336392408815293,8.0688435095882696,-8.1953482962379169
137,1.4234330657295118,-1.0217246249351142,11.9752472962198553,-12.3617391918613180
138,-2.6327318423009132,-0.3408589932127555,-22.5451216819372036,22.9801745964691477
139,-2.0001382772646039,-0.4471863138398362,-17.0792151634391374,17.6308010129812232
140,-2.0694755016500679,-0.4373170795353687,-17.7253318236685473,18.2672840067721580
141,-2.2274484006829347,-0.4095042804227198,-19.0796377221878899,19.6002120470560257
142,-2.8627474126204646,-0.3041510346541294,-24.5034485640411361,24.8708191604380957
143,1.1683577185398875,-0.9785646490867741,10.0786541307157691,-10.3349030464427329
144,2.0571927388200493,-1.1296130253775445,16.3660898934844639,-17.0830488816419042
145,2.2023201207195839,-1.1565917153872931,17.2766010761874682,-18.0667444915483237
146,1.0037923947251883,-0.9501941806360570,8.8297773215709512,-9.0046956456486953
147,-2.3802723456646255,-0.3859912370815977,-20.4413181259663901,20.9322848595046835
148,-2.1819110191530271,-0.4186317980400176,-18.7144382839573709,19.2406065016943089
149,-1.7499458673984165,-0.4905250540019566,-14.9002663907402635,15.4686418829710277
150,-2.9784373510664892,-0.2837363578611054,-25.4444475900656499,25.7752256296255311
151,-2.9521215980728535,-0.2883479578861703,-25.2302601093588450,25.5705523044853393
152,-3.1349234340984111,-0.2570765834352002,-26.7067823942625111,26.9833649076145363
153,-2.6432558852578794,-0.3392026832877129,-22.6341618499695372,23.0666714938818060
154,-0.1414205169037999,-0.7584588857710131,-0.6025154857449735,0.9161987565501235
155,-3.0054822991335541,-0.2797948121478342,-25.6733716924749800,25.9946005848074790
156,2.2561427283878075,-1.1657253421346958,17.6204590676651733,-18.4387023218330306
157,-3.2192027976076112,-0.2422179755457812,-27.3687313932199743,27.6141624619287072
158,-1.2365112902349651,-0.5766748756751099,-10.3157764985660023,10.8717248067739050
159,-1.1897407123489323,-0.5849752734173492,-9.9068347857362014,10.4581149671504079
160,2.3660829182524452,-1.1846654371411312,18.3092181809798902,-19.1840807364369361
161,1.9072663079581957,-1.1051372132086179,15.3522537423255088,-15.9896280956625887
162,-1.4344117912187571,-0.5434692713336595,-12.0860373410487085,12.6546971230771135
163,0.4829526461525404,-0.8630263544066246,4.6695023171171570,-4.6006413391874545
164,-3.1851634798801562,-0.2474797912594191,-27.0920077630760687,27.3502427882725030
165,1.4015270495158063,-1.0180706907028814,11.8151280328926660,-12.1900519132407190
166,2.3307084226335562,-1.1783253437696253,18.0913010080031782,-18.9486431788920626
167,2.2788890945386058,-1.1678324158399889,17.7906409432380954,-18.6220138726057947
168,-2.9051033953884513,-0.2973120758548369,-24.8611729827300394,25.2150396808543533
169,1.9397085635327471,-1.1084806006594619,15.6042591663008139,-16.2607609473518337
170,-2.2453435811157441,-0.4075279700455425,-19.2538523532417472,19.7711754110616127
171,-3.2732901187940051,-0.2337740015741652,-27.8134572985288244,28.0369322537439771
172,1.6259100523215722,-1.0562992955691044,13.4222705248359304,-13.9137262497850465
173,-2.9944702018529981,-0.2815346142633786,-25.5815506060324154,25.9071047227052063
174,1.7664076204446673,-1.0797764559697391,14.4141234428912739,-14.9790298290348858
175,-2.8563924840591284,-0.3036472125219092,-24.4226898732656892,24.7944895617717478
176,1.9310599135648516,-1.1068517142598395,15.5469591282597221,-16.1989352924032559
177,-2.3191178821069833,-0.3949855631253527,-19.8930231516739653,20.3968952204017810
178,-1.3319675785120602,-0.5604520422412840,-11.1656583613336977,11.7291794634523612
179,-3.0095665746767324,-0.2774180544980034,-25.6761436660462081,25.9977193605481247
180,1.4554402755564411,-1.0270514763861307,12.2075398831925312,-12.6105080885981167
181,-2.6135747217436318,-0.3454586352048956,-22.4057527994864571,22.8442724173611182
182,-3.0996481593600649,-0.2639313942684538,-26.4402602046595447,26.7282666271087166
183,1.3360604956841158,-1.0067618041508908,11.3373881978315936,-11.6787345417921848
184,1.9792113078216573,-1.1160864756655151,15.8542506643258392,-16.5306228355739471
185,-3.4058399584296701,-0.2105868481521505,-28.8439412504347885,29.0143358258402984
186,2.1313685893177023,-1.1419719567612496,16.8542933697136377,-17.6095817919044109
187,0.9864022736775695,-0.9463540642136365,8.7137323483555704,-8.8800728917195570
188,-1.6063072614126668,-0.5138799028740380,-13.6021801504840738,14.1748066129405146
189,-3.4820125173565195,-0.1976654755362794,-29.4380484942313458,29.5759204973138239
190,-3.3228468615631996,-0.2249649078404268,-28.1974272328326805,28.4017629133669445
191,-2.3131594059054805,-0.3959233118059231,-19.8346917107841634,20.3402080264183525
192,2.0763914471449709,-1.1342189619102321,16.4720145200015864,-17.1975123064291786
193,2.4970708482938235,-1.2070954834064622,19.1106041684369430,-20.0523860522482984
194,1.3872646360817029,-1.0142842671319947,11.7297745875086079,-12.0983199691379397
195,1.5074058072745373,-1.0352220871270248,12.5937551754823645,-13.0240080614423981
196,-2.0079053060447194,-0.4477192282165632,-17.1874015190061868,17.7365853140791501
197,0.2719000663155029,-0.8283802770142152,2.9048212669639426,-2.7458121164669578
198,1.0647571872086488,-0.9608226362061387,9.2959728645083075,-9.5005360427941525
199,-2.5140014796534480,-0.3613452508698529,-21.5459546466205936,22.0101618169249562
200,1.5782886930110749,-1.0476909036260444,13.0950197775501849,-13.5619230486684437
201,-2.9728081686248515,-0.2843878713741468,-25.3925889269591138,25.7257699071030501
202,2.6370619315532551,-1.2323135170994810,19.9317290746891089,-20.9431704474461853
203,-1.3546192431421318,-0.5571624758779166,-11.3790242555476411,11.9439224373400705
204,2.2548471559751135,-1.1637477334229480,17.6370996952460004,-18.4556811456315906
205,2.1748862633132120,-1.1520561477059417,17.0973237965403584,-17.8730203474877527
206,0.5326949782556625,-0.8712899097978664,5.0784134833019365,-5.0314451848969597
207,1.5286185876600769,-1.0393834933130108,12.7379592449387431,-13.1790760079182725
208,1.6440959619619022,-1.0587689310380668,13.5587285247567664,-14.0594456538682770
209,1.8666485238865320,-1.0964647526894673,15.1028536511844251,-15.7200974551423407
210,-1.1628422298859569,-0.5890780924250976,-9.6595972129700911,10.2075638070843695
211,-2.9074712011107628,-0.2957852992585970,-24.8634614747813742,25.2174471457249680
212,-3.1851880983184344,-0.2479023265787212,-27.0966588097366383,27.3551531024911654
213,2.3576941348747908,-1.1830390992515376,18.2594341499719732,-19.1304679240654210
214,-0.8277177293774969,-0.6432021641336974,-6.6281463667166349,7.1263442456105750
215,-3.5086282124395822,-0.1923531257043578,-29.6260269522374102,29.7538163445624591
216,-2.8075978241615296,-0.3121219341133887,-24.0245679186412744,24.4102480104717827
217,-2.7332462106595585,-0.3256912238717504,-23.4241526457654246,23.8306499893338142
218,0.2668594557547479,-0.8251867172332865,2.9075388572303140,-2.7477662886064707
219,1.0885974119647415,-0.9648057328139679,9.4770565883133528,-9.6934894311678406
220,2.2988132949836881,-1.1714612094219170,17.9135811635214210,-18.7552616702619623
221,2.5302713828653012,-1.2129985580197165,19.3076373092778582,-20.2661148340764647
222,2.5517552716458454,-1.2151437102224314,19.4590975705450191,-20.4292764829458697
223,2.4994979618970135,-1.2072864434926984,19.1318390492375912,-20.0752518422520652
224,1.2384644105216722,-0.9885561094795996,10.6387111121812481,-10.9317830538122465
225,-1.4975712914168469,-0.5328547109855357,-12.6500637220793593,13.2203665455787700
226,-2.3707145019445015,-0.3867024168058428,-20.3406670535924903,20.8349303509428836
227,-1.5247050886168445,-0.5274679572318419,-12.8759297981967151,13.4476575108177059
228,2.1614902101597266,-1.1482842379020468,17.0312587769285173,-17.8019151983040409
229,-2.7125155537571217,-0.3293426192976412,-23.2537691927873524,23.6652123285416494
230,-1.9565983370726165,-0.4563964697053571,-16.7370920575504414,17.2914918227808698
231,2.0434029513712488,-1.1270474158466683,16.2789134870128649,-16.9890250251495409
232,-3.1207569888119799,-0.2605744332228781,-26.6102121891412011,26.8907218090656031
233,-2.9432908543480778,-0.2897608013413198,-25.1586961225800252,25.5007945613766012
234,1.8784427267491921,-1.0999894981650797,15.1627597317435701,-15.7851826320947772
235,-0.8760112936729740,-0.6360111490159177,-7.0759533979725902,7.5827789793930478
236,1.3079382642192527,-1.0023906616351113,11.1233557860044741,-11.4500412862387719
237,-1.9505189120017938,-0.4578031875119564,-16.6903270675859901,17.2452879906660215
238,-3.3766006645742301,-0.2150485451935857,-28.6051280127971594,28.7887894992796944
239,-2.4555707686034971,-0.3732224294625617,-21.0836146036785692,21.5591888334645390
240,0.3392778849400457,-0.8377239068471027,3.5066578421376065,-3.3766540521631896
241,0.4701715921061265,-0.8608090472150316,4.5620593794587236,-4.4867558277598008
242,2.5855345049987761,-1.2216008179592812,19.6529937892119406,-20.6400632798791683
243,-2.9852894629460884,-0.2824318575134548,-25.4959834833348395,25.8251069782920055
244,1.6843033521067952,-1.0648892582224789,13.8534005542784868,-14.3758746962475428
245,1.6500936794024383,-1.0602362056330676,13.5940281928998346,-14.0974889365310396
246,2.4474963636297176,-1.1986385478469010,18.8093688654879614,-19.7265544561171531
247,1.1005990721656360,-0.9670579525614258,9.5659934509006987,-9.7883557931295258
248,-0.1700988342175762,-0.7532644826515664,-0.8425998043736271,1.1662559173402443
249,-1.9486714338470854,-0.4580791995897577,-16.6733802213823239,17.2279923807744169
250,2.2144553216294938,-1.1569471780363862,17.3803769079218355,-18.1782756788512749
251,-2.8624475161453873,-0.3036533078133452,-24.4904665485395796,24.8590549661755276
252,-3.2867021634277691,-0.2319808896890194,-27.9281346438029772,28.1458271604857728
253,-2.7471579159355564,-0.3216530598234328,-23.5078378634195886,23.9122728906221411
254,-3.6273933590328156,-0.1714174235826533,-30.5178120811747071,30.5944152804116030
255,-2.2974073858879045,-0.3986872031554114,-19.7060082561780945,20.2141709896546047
256,-2.3465020114828867,-0.3909676248433698,-20.1383531478393394,20.6364793266680380
257,0.6736852343589987,-0.8940011068021541,6.2362366408285297,-6.2535308894433044
258,-3.3415466493033570,-0.2214140599854453,-28.3381555616424734,28.5357079906479711
259,-2.4927331693534889,-0.3663736059092670,-21.3920201753198711,21.8589859009768972
260,1.3897167614062980,-1.0168252852254334,11.7139483096170736,-12.0819599297014584
261,1.2353294255132639,-0.9879526346266978,10.6160355147559571,-10.9069994841386517
262,1.1096942812654973,-0.9682591158065570,9.6410309455875662,-9.8675784092255014
263,-2.4385604272434342,-0.3739999655228345,-20.8987008140837105,21.3801225879316590
264,1.1024571594417196,-0.9660707862963704,9.6022554652290140,-9.8259635015775970
265,1.2449028656830947,-0.9896030847723409,10.6866151419942454,-10.9826718769576175
266,2.5354454641674948,-1.2138223247679854,19.3398918395750101,-20.3010945311424535
267,-2.8424666443796980,-0.3070879703913967,-24.3308877703010111,24.7049389529172103
268,-2.1672556174549982,-0.4209495218444879,-18.5802152861041066,19.1093039753894658
269,2.2012255681420996,-1.1565646507830678,17.2669457018838486,-18.0567858493374551
270,-1.6007610034964124,-0.5153899489638150,-13.5709081478663833,14.1427535531995900
271,2.3612157470922668,-1.1834937945173394,18.2832266505541341,-19.1558466500067404
272,1.9221168735296459,-1.1070551980817882,15.4626210282783845,-16.1081445974986401
273,-3.2464398671043888,-0.2375440698742111,-27.5876056122503925,27.8227187030396479
274,-2.0180023579970694,-0.4443157470449854,-17.2411706428900260,17.7909572345285412
275,1.0060336026127601,-0.9507285751448542,8.8439896030536502,-9.0196993739655582
276,-2.0074559317681846,-0.4459985844299439,-17.1451703667372257,17.6960229318590052
277,2.1505238623417995,-1.1470674190000096,16.9538564002356296,-17.7183383817177678
278,-3.4308977957049009,-0.2047616249986852,-29.0096856083869241,29.1719250176072720
279,-2.1916779924334655,-0.4171978087068879,-18.8032891089323613,19.3280705329298570
280,-2.4082977628745219,-0.3801952853290089,-20.6606711381849451,21.1473388856952980
281,2.5508195923808188,-1.2161782630594651,19.4358634300115867,-20.4045207143475942
282,-2.5881184052495669,-0.3504164336445506,-22.2054703792593173,22.6505834463458697
283,-2.8926830741782013,-0.2977969121334709,-24.7267821499403766,25.0865363520906826
284,2.2260413762113629,-1.1586347992991115,17.4584195291367550,-18.2623774277656850
285,-0.2007008738288718,-0.7478368480334723,-1.0993054007681877,1.4326402083768599
286,-2.2492691701141183,-0.4069882797931079,-19.2941304175264179,19.8099828051499216
287,2.3272554758101975,-1.1779536914576809,18.0654100555191874,-18.9208573216322442
288,-3.1882828874846822,-0.2480988085642934,-27.1364817077115887,27.3929705596774866
289,-2.7698654769656876,-0.3191178573972913,-23.7198417086210185,24.1159995119469173
290,-2.6495099425046469,-0.3381822682828144,-22.6869875792927971,23.1177565406433487
291,-2.7234062803385726,-0.3263137847536370,-23.3211959569693832,23.7314480413572468
292,1.7731932930904719,-1.0807757588636377,14.4613509556838906,-15.0300482725291467
293,1.3074645904572364,-1.0020695591120905,11.1226726219518000,-11.4491261395317352
294,-3.6678423463207004,-0.1647654996097643,-30.8258390389701162,30.8831275645171885
295,2.6668554272768361,-1.2367148999960129,20.1150483671671694,-21.1416750670393867
296,-2.8405852094957247,-0.3075864299505859,-24.3153464856871082,24.6903821516917574
297,2.2030672879482438,-1.1558280720730885,17.2930819227783914,-18.0847001229801059
298,2.2376914527018954,-1.1606465107559210,17.5315760409869554,-18.3420538305362939
299,1.8376967735020173,-1.0925525794733950,14.8923980238576306,-15.4939575376137633
300,0.8945557258729622,-0.9321879489475258,7.9741504927240570,-8.0949629663511615
301,-3.1640484553772303,-0.2522002737199251,-26.9450238948208849,27.2104198906703871
302,-2.6750020756652724,-0.3350523540376926,-22.9235947218496747,23.3471104402568486
303,1.8480722305628277,-1.0948037301045090,14.9544960301169354,-15.5610174081527362
304,-2.8749506633058921,-0.3016376631851330,-24.6000865767613632,24.9643532371069696
305,0.9448784136558430,-0.9398087720341728,8.3792032054445329,-8.5249960999463141
306,-0.8464849134685082,-0.6402631845440219,-6.8004274009182666,7.3022814995395322
307,1.6671965503526849,-1.0635800299767091,13.7103801245093067,-14.2231920166178476
308,1.5189651733765004,-1.0378899108526589,12.6654417206159522,-13.1012181437154780
309,-3.1415215875962552,-0.2564608187458468,-26.7699805759534541,27.0429585367062728
310,-2.2655548541340025,-0.4032204245219404,-19.4123269670866705,19.9269556191840920
311,-3.0270991492256982,-0.2765519464855188,-25.8586046712664412,26.1717730352046871
312,0.8178127043519368,-0.9174036031607145,7.4017630782554065,-7.4866538116006964
313,2.3799233712074539,-1.1867010454246945,18.3985463093096158,-19.2808772067628915
314,-3.6064984860957239,-0.1761595437477688,-30.3804071144163181,30.4639822532234419
315,-1.8539665251936910,-0.4740499900646746,-15.8383796203454494,16.4007985116894446
316,0.1929540539574717,-0.8150070907069562,2.2474528106516303,-2.0566305395149556
317,-2.2974746581013825,-0.3980256162094271,-19.6908156288527323,20.1993247220844268
318,2.3520218919665439,-1.1812707011727888,18.2335600455718136,-19.1022254928639441
319,-2.3765909615013463,-0.3857721864941084,-20.3925816497707686,20.8852088542664731
320,1.7056526415654929,-1.0702849042016283,13.9761568640822489,-14.5088713693764717
321,1.6418012022446931,-1.0577392401570584,13.5546367858462062,-14.0549292855128982
322,0.7040636654332104,-0.8983101101593327,6.4961614257190732,-6.5282403071381410
323,2.0002372713344059,-1.1209934081199506,15.9759723872417041,-16.6620361549270477
324,-2.1198465195249447,-0.4276017838278285,-18.1438907554864599,18.6808422724745711
325,-1.7465560662844695,-0.4908594924601211,-14.8640927916042358,15.4332692313801161
326,0.3876091411472018,-0.8455582614723376,3.9087788796417939,-3.7989859923366822
327,-3.0134275784316387,-0.2765413068515521,-25.7019914411018959,26.0231399661756697
328,-2.9933266751830416,-0.2820544963132541,-25.5770287458520613,25.9022815263437636
329,0.3200819037006468,-0.8360865085022553,3.3158382661397567,-3.1773102999062033
330,1.1822070089608445,-0.9797317024909162,10.2024479923820266,-10.4660337602850220
331,1.8828614404697390,-1.1003434206090006,15.1980303359806967,-15.8237500789677412
332,-1.0641815507850581,-0.6040783117503778,-8.7425470061337123,9.2794759467519938
333,2.0634342064478730,-1.1311846219066624,16.4010588817622178,-17.1208988513759195
334,1.9498493509447741,-1.1108376944366967,15.6624112284792218,-16.3238440939130953
335,0.4198926282866395,-0.8529469552012046,4.1381745226336690,-4.0412537403061108
336,2.2200520959112211,-1.1590781431377906,17.3968624388457087,-18.1967165053945727
337,-2.0774498899275464,-0.4360916038895652,-17.7954564839292928,18.3371830296791458
338,-2.5179347803613013,-0.3618434042786873,-21.6030421195781130,22.0653215744185118
339,0.3483297573660238,-0.8406297330272849,3.5560805493774055,-3.4291236708628716
340,1.9535644293937793,-1.1128402903923131,15.6672204293565400,-16.3292933351857812
341,2.5006075137286956,-1.2075737135292250,19.1340396040002858,-20.0777028082298870
342,0.5134770913544244,-0.8677556486631701,4.9270999376746616,-4.8716773196815026
343,-1.5815151226176560,-0.5186389202691188,-13.3959386236018929,13.9678486484586202
344,-1.8175825971390083,-0.4803243168432907,-15.5173082398969626,16.0821665971274115
345,-2.4903599644602892,-0.3650821120344467,-21.3437118776844983,21.8136222837785212
346,-2.4364949113930443,-0.3746695609366668,-20.8861635111586210,21.3674663939077973
347,1.0086354924113436,-0.9507172814693909,8.8755064600782916,-9.0527728360518296
348,-2.6861308398628019,-0.3333996482135788,-23.0215877701218190,23.4415541624964803
349,-2.0436344702612850,-0.4419726870804865,-17.5037860764491597,18.0490707254866933
350,-2.2687687749774916,-0.4037544009120673,-19.4588756456294618,19.9717196055777038
351,-1.4279663536265623,-0.5448365093905174,-12.0342830029194587,12.6028487969170158
352,-3.3289003814575722,-0.2222683350030330,-28.2190346360495496,28.4227962168258799
353,0.7987389142912207,-0.9145691760219172,7.2439713748613244,-7.3202432591728197
354,1.6964954543991837,-1.0688097900308300,13.9116126684170709,-14.4394933387706246
355,2.1059480409891833,-1.1375087595856783,16.6919214133215448,-17.4339945482027439
356,-2.5943669826646527,-0.3489242295772073,-22.2501399121936743,22.6940206343647262
357,-2.6619569732766379,-0.3374385207223760,-22.8188225590124389,23.2452020962834567
358,2.2582074202890610,-1.1645134374894610,17.6548273705039449,-18.4753238244470417
359,1.4872762982772514,-1.0324607489505162,12.4382218637338227,-12.8577019286762351
360,1.4010734011974293,-1.0183125600618119,11.8071519984210695,-12.1814454995370021
361,-3.1615820562958774,-0.2537435208515433,-26.9406168185216046,27.2060961904763374
362,-1.0688261691205980,-0.6040676596153141,-8.8028786723720245,9.3395120102817089
363,-3.4406862123710198,-0.2041696718882164,-29.1048226018638445,29.2611731417712448
364,-2.4309196198608269,-0.3772898341996687,-20.8744033820153163,21.3556571601147525
365,-2.6508287324622337,-0.3375291878666289,-22.6920739738129669,23.1227711264975326
366,1.4954225922009599,-1.0349655739699237,12.4792058512276824,-12.9017914069200366
367,-3.3075363210449211,-0.2270796130120765,-28.0681526989803487,28.2793838518667755
368,1.6051774331237425,-1.0529739743087845,13.2758926801878019,-13.7561602711110709
369,1.7914104908969932,-1.0842265070493333,14.5818886074988328,-15.1596198088276566
370,0.5288238422208167,-0.8706506219393297,5.0441844367854074,-4.9957502339175832
371,-3.0496448536508609,-0.2723540382205094,-26.0340199754975430,26.3398773768530745
372,1.4330281250434496,-1.0225895717157663,12.0550910850513233,-12.4465416993384785
373,1.1020871718122009,-0.9668742359132523,9.5817288776034317,-9.8049819172983703
374,-1.3139465938395247,-0.5618453587174166,-10.9723066372395053,11.5350389211929354
375,1.8059590109025265,-1.0872830714513704,14.6700735462021115,-15.2551058929659042
376,2.3282912913219889,-1.1777178871864677,18.0788468260886859,-18.9346558246681234
377,-2.3635858528286562,-0.3881552051284274,-20.2876853860245774,20.7829451662225395
378,2.2162420405487424,-1.1575072564182314,17.3875801483529884,-18.1861715505870549
379,-1.6525061197735731,-0.5056914523189739,-14.0084990083317606,14.5808737597805447
380,-1.5389044565476375,-0.5259940754913153,-13.0221618631460387,13.5935766221980572
381,-2.3563538845664382,-0.3900535469570556,-20.2374261584489972,20.7333897143928994
382,2.1162901692586047,-1.1396777029135663,16.7553658959908418,-17.5028486294027239
383,1.0627210192732548,-0.9606920200140046,9.2761523057024888,-9.4793776999423187
384,2.3158886518957473,-1.1758112761955779,17.9995699072049646,-18.8492051478268472
385,-2.7552605148121323,-0.3214666952240428,-23.5951558594466988,23.9959840827538997
386,1.0033130115447975,-0.9504639043068188,8.8209822777537781,-8.9948463150728628
387,-1.3802980666669455,-0.5517961423196880,-11.5857193219669767,12.1528634005997276
388,-3.6411264234972087,-0.1694363548296423,-30.6284416933269483,30.6980610755491412
389,1.8159074625758578,-1.0892720265710061,14.7372813494853929,-15.3271996209355237
390,1.5393809866652930,-1.0421058989914869,12.7993306816357730,-13.2450495502256125
391,1.5690936174032615,-1.0462371994796591,13.0259937731873592,-13.4877528084669116
392,-3.4185978968600637,-0.2080960645775676,-28.9351779141150445,29.1009096668743510
393,-2.8441233855707253,-0.3066583086265950,-24.3395183393980119,24.7130580486929787
394,-2.9079187214513134,-0.2960206726771233,-24.8698081712196668,25.2234696426254246
395,-3.1180354991085508,-0.2602518165473668,-26.5793293023235293,26.8613973056218853
396,-2.3477405220333765,-0.3908388641325473,-20.1482924451673000,20.6461446161056585
397,2.4704142344647408,-1.2028448655127200,18.9471718378805676,-19.8756074966925915
398,1.7180251727971267,-1.0711824807794201,14.0845391614065889,-14.6242897530019995
399,-2.9522883558438267,-0.2880918694877472,-25.2294661173262398,25.5696545652503815
400,-3.0957906459204807,-0.2650810205916478,-26.4172284126278072,26.7060444663625915
401,-2.6129462299830521,-0.3439154650332199,-22.3718960545544761,22.8127823642274237
402,-3.3899237533676008,-0.2131059988160580,-28.7164867094646183,28.8940896004387398
403,-2.5899422160078451,-0.3492686338189728,-22.2051382721753754,22.6504034083847117
404,1.3115440119663120,-1.0022387701679918,11.1612169287797443,-11.4900935834087434
405,2.3560772330189437,-1.1827632684710032,18.2504924024850155,-19.1203182814844759
406,1.9632227197555494,-1.1148820877930063,15.7241334581262535,-16.3906066864903792
407,0.8970411473609161,-0.9307583145627980,8.0250425395038647,-8.1481702825025906
408,0.4486604128193648,-0.8557626055325365,4.4150827471757523,-4.3314625312828667
409,2.0182179367820794,-1.1236897505786700,16.0978120955563000,-16.7931165026587195
410,-3.1519243222978091,-0.2529996922855631,-26.8237940668782713,27.0951074251623183
411,-2.5805349766232908,-0.3515146725963945,-22.1390829729329681,22.5859356686427120
412,-1.6372220715304842,-0.5105975318146214,-13.9183754858206825,14.4894398174298829
413,1.6729974965273158,-1.0639963813455111,13.7568709295712281,-14.2723762173322868
414,0.8824811939609347,-0.9308860704116384,7.8680886718901988,-7.9824323909897288
415,-2.3138675728261155,-0.3949230745596921,-19.8237291038587600,20.3301686386951062
416,-2.1417382796237767,-0.4238096168235614,-18.3291966281907364,18.8634378017317843
417,-3.4406748123080995,-0.2053163576479839,-29.1239398412470223,29.2790661574648041
418,0.4029459067072523,-0.8496906475714994,4.0069034731196709,-3.9030775318423778
419,-2.9336642199148102,-0.2927530581185209,-25.0989197340654826,25.4431398059078546
420,1.2552818608469565,-0.9925352401301062,10.7470484140824638,-11.0474704702242050
421,-2.6061439445580810,-0.3477674246600451,-22.3613712824749129,22.8013421528845228
422,-0.6608493431119840,-0.6700567267445798,-5.1211281006651461,5.5838671474878794
423,-0.1884486819583486,-0.7508544857969568,-1.0122904300089814,1.3422644192378428
424,-3.6176507505779547,-0.1728944578943441,-30.4437481406904311,30.5241807844438497
425,1.8529625857517544,-1.0954748666237712,14.9919600102373991,-15.6010636849380795
426,2.3884144284723519,-1.1877823370055332,18.4536289867100365,-19.3402664204228643
427,2.6010309582752456,-1.2256701914284456,19.7240096761334982,-20.7173336578216229
428,-1.6586056811381980,-0.5062325770841767,-14.0920301071838310,14.6628276319840651
429,1.5268297838700207,-1.0392813825794747,12.7208815997057414,-13.1603587136252429
430,1.8531798476769268,-1.0930973291216759,15.0265324089628578,-15.6378773110859441
431,-3.1513857772085885,-0.2543942218521806,-26.8404821668051881,27.1110087281135108
432,-2.6946373991292631,-0.3315292003539945,-23.0852745544721927,23.5034876833301709
433,-3.4644476968696196,-0.1996604342596804,-29.2815790076260605,29.4285114311122200
434,-2.1299050066327005,-0.4260536840757361,-18.2323582140379159,18.7681959847544633
435,-1.6095077525879233,-0.5149699985902600,-13.6695556559125038,14.2410500294463063
436,1.9131737718866972,-1.1050708827916687,15.4074187595761245,-16.0483311150111980
437,2.4131483103328648,-1.1926068300181853,18.6003161583959056,-19.4994393819592027
438,1.6539410758714368,-1.0598424133713387,13.6399073546170442,-14.1466573818014041
439,2.3775653420778724,-1.1865852637417866,18.3813437907912132,-19.2624929033107755
440,-2.1581725960219345,-0.4224613016932288,-18.4983479549079135,19.0284855020169914
441,-2.0920198132569965,-0.4333665642767741,-17.9184036542763394,18.4579497526852876
442,1.5429364092433886,-1.0429842493728252,12.8222449718718039,-13.2697689316046770
443,-2.3056073058307085,-0.3984385568693014,-19.7968288355953916,20.3019423955575462
444,2.3846486391999733,-1.1872379341119625,18.4300318654646489,-19.3145639297614338
445,2.4280816419715023,-1.1948634642059766,18.6972299837664409,-19.6044212516411811
446,-2.1034425910561829,-0.4305715411708277,-18.0024701573047849,18.5411322383047619
447,-2.6322499289592507,-0.3424910799143746,-22.5679092530624104,23.0027785271835583
448,-3.0905387856594473,-0.2653354045475993,-26.3620389131489645,26.6534736038975026
449,-1.4416696562486813,-0.5422141115732124,-12.1529248374688379,12.7216228660715629
450,-2.8919323474880336,-0.2975174271975582,-24.7125947677778086,25.0733511849524220
451,-2.8082751182107408,-0.3116439767222410,-24.0204494123114216,24.4066005586610757
452,0.7172803491443815,-0.9027851638033972,6.5611922035404362,-6.5977053570071007
453,-2.2299130216674534,-0.4102867424144065,-19.1247494860811003,19.6442916806786698
454,-1.5216372812417198,-0.5274985116448150,-12.8396733158123695,13.4121154210945406
455,2.3950480547742856,-1.1898579317799012,18.4835294430423360,-19.3734358169434913
456,-2.3784930509746260,-0.3861541971369213,-20.4224704055196966,20.9143631631241149
457,-0.2988710090090976,-0.7315432857173434,-1.9552108507705555,2.3196206138366335
458,2.5133753885168701,-1.2103226494113350,19.2040843114791571,-20.1538849394318724
459,-2.5938932891478927,-0.3489448513644184,-22.2464632479412856,22.6905163700738441
460,-1.7857261825164805,-0.4848605545448699,-15.2241719387500112,15.7906312261155932
461,2.0277380803233456,-1.1244693324941650,16.1732219312934618,-16.8740365544039079
462,2.0673068035169777,-1.1307129522265811,16.4422024921844567,-17.1646388237913818
463,-2.6132083272522273,-0.3440596271650129,-22.3780374689239778,22.8182847559474382
464,-2.6521487604652521,-0.3397010638094713,-22.7484990147692159,23.1767961448950714
465,-2.5539209568002335,-0.3551161379897536,-21.8943337761619645,22.3489244158653051
466,-2.2285245129747651,-0.4105826702362307,-19.1123951765831563,19.6321023346147072
467,-1.0877869473462241,-0.6018843249423682,-8.9947258031008772,9.5337445728622185
468,-2.8190382910527418,-0.3098685914455643,-24.1129993603342356,24.4962187235789841
469,2.3018759622249050,-1.1730727483343983,17.9145444967586158,-18.7570171585715073
470,1.1187725791061496,-0.9700668828131107,9.7060518531017621,-9.9378136840111253
471,-3.1367608570186718,-0.2557147937655309,-26.7013788931131444,26.9785421567454833
472,2.0825783052798670,-1.1355422982664720,16.5087488473849433,-17.2370975322665245
473,-3.7340070769482629,-0.1535813313571239,-31.3244729097414378,31.3506581782485156
474,2.4038297496385113,-1.1907741227873849,18.5448968208345590,-19.4392744658371335
475,-3.2446866695549694,-0.2388429933994161,-27.5903102934283666,27.8247750738295068
476,2.5983147189849234,-1.2245578214949902,19.7164403916724282,-20.7090538054685709
477,-1.9099566713283238,-0.4642456811597881,-16.3229343121508919,16.8815439204635922
478,1.9485505393632465,-1.1121754260457415,15.6316408551646688,-16.2909152736047673
479,-2.0099894260265714,-0.4475959898586162,-17.2084573993231018,17.7573961495208081
480,-2.8735052235651111,-0.3015904572729227,-24.5819955751163803,24.9470715813343205
481,-2.2732142139145424,-0.4032457249974968,-19.5026494485683983,20.0143670569490624
482,2.0774168437283791,-1.1347522435577311,16.4762135317575300,-17.2024153383020177
483,1.0244777594718499,-0.9541841355317722,8.9803241285313007,-9.1651556333599089
484,1.9561318007609501,-1.1129953980633829,15.6871927058565390,-16.3503726676520351
485,-3.3796464160584918,-0.2153853174007878,-28.6443154978339436,28.8253975661025734
486,-3.6178352758868115,-0.1742675446361197,-30.4694634430640221,30.5482030458801930
487,-3.3127805954323719,-0.2267957333786974,-28.1209339166705092,28.3288191215107545
488,-3.5114902938393691,-0.1913739369687661,-29.6396839252754347,29.7672331375036592
489,-2.3260484082502515,-0.3938876903074799,-19.9524689392570949,20.4548790115346719
490,-1.7246988835929500,-0.4950960095123023,-14.6775568685229771,15.2470354830980170
491,2.4584893728749151,-1.2001177087425958,18.8826511316283145,-19.8056369588877885
492,-2.2254758548404645,-0.4100524660807636,-19.0650488115056618,19.5863910139468800
493,1.8602061098990745,-1.0958605288170382,15.0543916501745443,-15.6681359576344974
494,-2.9286553909930433,-0.2924728599835014,-25.0406628746630560,25.3874758956094198
495,2.1617822173175654,-1.1474356712777407,17.0478658218957619,-17.8193495885889526
496,0.5772254773376559,-0.8781382692086304,5.4519783098402499,-5.4245925434016371
497,1.5378200324487210,-1.0421873899598708,12.7830949963471667,-13.2276542277059264
498,-1.7560756049584754,-0.4898734474724655,-14.9621274661980621,15.5302612318359294
499,-3.3587848633663633,-0.2189916938425611,-28.4829298692062025,28.6724154386162766
500,-2.1554710325859183,-0.4232640013088833,-18.4823308411920237,19.0121145070644957
501,-2.9808990348535929,-0.2829893824550922,-25.4593989975709860,25.7904069620006808
502,-2.8780444262283602,-0.2999091958205042,-24.6011275491677566,24.9662808830182499
503,-0.3169389725594272,-0.7282043510730531,-2.1081960683695584,2.4778615891264764
504,1.7957661329056265,-1.0846354652499777,14.6129993630636577,-15.1930298545880262
505,2.2880116132058177,-1.1693576453444372,17.8480722690832252,-18.6846216358736612
506,-2.8108470469593350,-0.3123073350864267,-24.0627854389473725,24.4468575230761971
507,-3.0293516777654119,-0.2753492620177340,-25.8627592466414811,26.1761745497265323
508,-3.6972071267041038,-0.1593492421232838,-31.0420811942593744,31.0867065991916647
509,-2.2588749186826220,-0.4054519922391187,-19.3766309528915883,19.8914629799107274
510,2.1266945126906194,-1.1428495124090325,16.8000867402588270,-17.5517712754421957
511,-2.5730507807864278,-0.3525350310823328,-22.0694507940250801,22.5190392765734160
512,-1.6770683034693477,-0.5016872398093852,-14.2311180854258410,14.8027807683125090
513,-3.6798801518652056,-0.1637685612338302,-30.9386441645074015,30.9886169040593771
514,-0.2590428625777719,-0.7379180372786536,-1.6019811394641650,1.9540570723637884
515,-2.5427498133107704,-0.3584340941121091,-21.8267552480823284,22.2821615236750930
516,-1.1280574767590323,-0.5949431565435361,-9.3518985596165578,9.8956230416910316
517,2.4083468487860813,-1.1922079771597360,18.5657143656151007,-19.4621907802302943
518,-1.7140562936450650,-0.4969186952545463,-14.5872496612570259,15.1574283032599979
519,-3.4321102522057281,-0.2064731772280908,-29.0509871657620451,29.2098806732909466
520,-2.9685360676242709,-0.2860046380603123,-25.3735198892877705,25.7068969781783849
521,1.0633457728954880,-0.9602020544346530,9.2912918988670086,-9.4953914012161391
522,1.8782261581620006,-1.0994100641205335,15.1654731069824820,-15.7882058672127386
523,-2.6675558426961459,-0.3346585731090315,-22.8326663586950787,23.2595165234727901
524,2.5194648173719045,-1.2113711795040949,19.2410290579875678,-20.1941176446269566
525,2.4740533604653621,-1.2036481221346840,18.9655625071079399,-19.8954023662396580
526,0.4861158458508683,-0.8636086148223470,4.6962176960725728,-4.6287426770093205
527,-2.3737581323247383,-0.3847368671705418,-20.3387821089709675,20.8337364055065777
528,-2.7155722945050016,-0.3283078546988172,-23.2664230216235879,23.6778272041497004
529,2.5262630491291844,-1.2128068460454173,19.2805583163225052,-20.2367096417866499
530,-1.4995447682927505,-0.5324569492908005,-12.6651773235995151,13.2358186528679553
531,1.3404381167839432,-1.0070717964930473,11.3756981956250129,-11.7195494069431838
532,-2.4024224892739277,-0.3814813814143285,-20.6182565040399055,21.1060510114600888
533,-1.3297198691399430,-0.5592805954120728,-11.1151407543092944,11.6781048472077771
534,-1.8906782256709072,-0.4664355468420283,-16.1314810775366766,16.6923278654256819
535,-1.9444811368346606,-0.4584579796146819,-16.6268246643306981,17.1823534330126151
536,0.9933795565363397,-0.9489907611536310,8.7434847674244978,-8.9132183484408074
537,0.5148929459490219,-0.8683991747387338,4.9333618236039811,-4.8778548012555163
538,2.4885977771008214,-1.2048674393316610,19.0714308424685512,-20.0096655702045290
539,2.1109019590313451,-1.1401359010189864,16.6993454086728050,-17.4431316431452998
540,2.1851330259400612,-1.1536256515280741,17.1651827973284199,-17.9466846221577647
541,-1.7366265751014716,-0.4924203942732532,-14.7687830861476925,15.3382511161399222
542,-2.8722771347317426,-0.3017302867399643,-24.5726772619073728,24.9378165964799550
543,0.8814005360956330,-0.9297440308170337,7.8707183060047257,-7.9854140312250692
544,-2.4044124208895852,-0.3806245644050996,-20.6215681681015042,21.1089723008906631
545,-2.6674735528996081,-0.3362937554748164,-22.8615096047987194,23.2866642568959819
546,1.6186290680306286,-1.0542420565449433,13.3885005519691944,-13.8766549365031118
547,2.3004284264108037,-1.1739579865662435,17.8925489497406360,-18.7337698365257452
548,1.9310711084483572,-1.1072157293633431,15.5434832146136372,-16.1946671441184478
549,-1.5617593142179338,-0.5220622657632639,-13.2192900466530077,13.7912228025435653
550,-1.3561337608032176,-0.5552651045505250,-11.3571362921919814,11.9225128248995489
551,2.4828524872905575,-1.2052085383593329,19.0187132229991036,-19.9531238002251214
552,-1.5661391221201448,-0.5215857084608544,-13.2667997529555564,13.8382634774346229
553,1.5935310272873906,-1.0507691001422863,13.1958087680323572,-13.6702734713590104
554,-2.9565423268217792,-0.2863744520567373,-25.2426459981987961,25.5824000994167235
555,-3.1354520630887599,-0.2581237373977245,-26.7302023195802363,27.0048176422595461
556,0.2778310961228527,-0.8281822219172952,2.9734961489180094,-2.8173027053527733
557,-2.3395651483158133,-0.3918038858659507,-20.0721597118094053,20.5719853406073483
558,-0.8537246775783416,-0.6402622799424158,-6.8872145663287796,7.3894742737306487
559,-2.7971610308120134,-0.3148494740879393,-23.9525842933997666,24.3406686783610766
560,1.1718708805536977,-0.9795475126040571,10.1007150555617429,-10.3586329096495504
561,-1.8029367969825500,-0.4813200035304170,-15.3620103150405498,15.9278963320769620
562,-3.0256880369314665,-0.2759328523332769,-25.8351949394653317,26.1496225443702670
563,-2.9695799172344017,-0.2854650628522606,-25.3735300929910679,25.7071968241181494
564,1.4544750528322439,-1.0274562077908378,12.1921514266723179,-12.5937151566357066
565,-3.0259067508718829,-0.2746259712813739,-25.8086148918891780,26.1253394729890331
566,-3.5712310401621217,-0.1809897247230978,-30.0920134590421320,30.1932371979602934
567,1.1832447670041688,-0.9799130654588168,10.2105803958460299,-10.4743291892093779
568,2.2495484997813833,-1.1630011950989250,17.6022732736529335,-18.4181250333414184
569,-1.3178424926894046,-0.5613343736381893,-11.0119050693286553,11.5749903428213656
570,0.8943964383641969,-0.9309028105990436,7.9939904652943383,-8.1153594971649170
571,2.4249859102698181,-1.1947464478864802,18.6722407524461076,-19.5773234406940730
572,1.3200261603072079,-1.0024319882821153,11.2459892500918315,-11.5805166782637698
573,2.0074689789113265,-1.1218012148338907,16.0296012692282446,-16.7195266213618936
574,1.8064379087650622,-1.0870712938256837,14.6812278557697695,-15.2663318563314689
575,-3.4640666118489882,-0.2012060190979739,-29.3026401258676756,29.4478532206501953
576,1.0366823338558717,-0.9556325250951545,9.0856933851877315,-9.2764542042764049
577,2.2580211557742444,-1.1657166709311291,17.6339290144828240,-18.4530956074736423
578,-1.8264328433529506,-0.4787273829404519,-15.5985837902242253,16.1627032724888053
579,2.5383754688904219,-1.2149293550875235,19.3501416920473659,-20.3123710859163964
580,1.4524194354544520,-1.0260302928659790,12.1924727159573436,-12.5943275664730692
581,2.0698765505522232,-1.1319267272987759,16.4495406016046317,-17.1728970257154927
582,-3.5043717488761992,-0.1925916679956394,-29.5868992908318340,29.7171139988271662
583,1.5749592580781524,-1.0468162603475122,13.0767459861920727,-13.5417279436270981
584,2.2286707834877575,-1.1592125459281277,17.4720238663116945,-18.2777488815119575
585,0.6672586773052132,-0.8935076362897014,6.1755008888733229,-6.1896666263966509
586,-2.6674298790903848,-0.3362849421064276,-22.8590842608366529,23.2844215312316081
587,-0.8236586349230208,-0.6439427219137421,-6.5915067360419002,7.0886778016267016
588,1.9411804686558156,-1.1098649647990513,15.5957937506084008,-16.2515933879193177
589,0.1087914018765446,-0.8007091822896442,1.5362137395662927,-1.3125363504079459
590,-3.1135141691602115,-0.2613310155730382,-26.5464477877768203,26.8293942405866304
591,-0.1102776767567804,-0.7636114320156935,-0.3305032828325096,0.6338652188816098
592,1.3373231749299705,-1.0072021493567576,11.3422129199546262,-11.6844260088335474
593,-2.8113587479741255,-0.3112678406931515,-24.0488294542901286,24.4341260761879866
594,-1.9171688450730571,-0.4626390104845868,-16.3806134405497446,16.9391022198694898
595,1.7493501372247806,-1.0769852283777581,14.2940393049827534,-14.8501207873545589
596,-3.3967834041609599,-0.2117785559159380,-28.7664490864246432,28.9411362541052242
597,-2.8284515946862854,-0.3096092912425412,-24.2176120543145501,24.5961001854165389
598,-1.5192817165286456,-0.5283354620255025,-12.8253578578983252,13.3976569682208648
599,2.1679028053482838,-1.1504049162810865,17.0593936349415927,-17.8321721757704346
600,1.9244024487866156,-1.1080250943007393,15.4691815112516124,-16.1160618708882524
601,-3.0380396080548486,-0.2733199426502537,-25.9220739898409036,26.2333444068314421
602,-2.7892878344220833,-0.3160126939042378,-23.8843633873204055,24.2751378445076753
603,-1.2424205562892183,-0.5757463593561774,-10.3711712002752208,10.9265532828355347
604,0.9665910555283617,-0.9427464390865481,8.5616533242516866,-8.7186424843587105
605,2.1953027168896000,-1.1553120396826806,17.2334367313362193,-18.0202571918472607
606,0.6268142999209729,-0.8854023410463796,5.8738618651364831,-5.8694205762233551
607,2.5769749267870878,-1.2218001391019300,19.5789803115822636,-20.5600127132578123
608,-3.5378019021253486,-0.1872416245563997,-29.8467920330586658,29.9621518697044635
609,0.9510177891854852,-0.9416783232687465,8.4122012139251225,-8.5602066659892984
610,-1.5815585566668986,-0.5193090133994716,-13.4109949242959843,13.9831170382976993
611,1.6023214257716418,-1.0522898771466238,13.2555296645304495,-13.7343943337676038
612,0.4762682045270310,-0.8625608964905958,4.6004687855564512,-4.5275977248821988
613,2.2263087612233221,-1.1608988849983639,17.4263882880378915,-18.2289945442541814
614,-2.6685875276838580,-0.3345284854825579,-22.8398566699650019,23.2661660257704099
615,2.4579054724702090,-1.1994342065260817,18.8862844967362165,-19.8089312913709215
616,1.1641586649938915,-0.9767902943577838,10.0659473490631157,-10.3206661280489271
617,0.3854379762417040,-0.8471352498533626,3.8549315875028256,-3.7432921908285266
618,0.4110544593293781,-0.8494516762042004,4.1047863550481409,-4.0048409061845192
619,-0.4210274758163592,-0.7125922936430023,-3.0557171849910247,3.4564911658700765
620,2.3796405040059909,-1.1854016206247522,18.4138371302371624,-19.2965716240555842
621,-0.1289906115204289,-0.7599619761762000,-0.4812893945291918,0.7904808416941336
622,0.9656961576252172,-0.9432638793635597,8.5459873512029603,-8.7021748714768989
623,2.0788297239585845,-1.1348745177131825,16.4855245809623554,-17.2121108692814850
624,2.1061270253282700,-1.1397107928606012,16.6612920964839546,-17.4021655120248688
625,1.7305844222720239,-1.0738675341352071,14.1603314002435852,-14.7061438490954970
626,-3.6053007656107958,-0.1751130529415335,-30.3519914136806221,30.4383933381984733
627,2.5038652932377659,-1.2072074371627295,19.1689307297798521,-20.1150834190383314
628,2.0332046377794128,-1.1273330368146972,16.1829406040105752,-16.8855431205951341
629,2.3623879829799037,-1.1824920908527083,18.3064709870520730,-19.1806551122554509
630,1.8822190932448351,-1.0998814461877267,15.1981120499718472,-15.8236792651974234
631,2.4080620599078628,-1.1908381900655343,18.5826161587355685,-19.4798314973045876
632,1.3415470272794465,-1.0077298749606634,11.3768217083369834,-11.7210258665665776
633,-0.0523570718056305,-0.7733033830773515,0.1709950235859665,0.1114951398546751
634,2.5014252219775628,-1.2066926871595278,19.1548096236139642,-20.0995998909011107
635,-3.2638043749622199,-0.2345669494238543,-27.7251818685239471,27.9537636999472809
636,2.4639382829312737,-1.2015803258321256,18.9057935590054242,-19.8309395339010983
637,2.5139406202591061,-1.2097942741328254,19.2141424987046676,-20.1645495706433273
638,-1.7328055550426171,-0.4941060756481015,-14.7614162238995590,15.3303627321949421
639,1.0354652732180867,-0.9545885726492820,9.0927985532866344,-9.2835518070424996
640,-2.2233332734457782,-0.4105474868597625,-19.0484353455885227,19.5698612223374084
641,1.6873752756679181,-1.0660681908294762,13.8672105269503803,-14.3910779903423709
642,-3.2949596672940018,-0.2300908689932086,-27.9845622161631269,28.1998440885161514
643,-2.9845623330980402,-0.2829531305339685,-25.4976141378774344,25.8261682745573253
644,-1.9013620456900924,-0.4642545278514731,-16.2184730920002309,16.7785560745471116
645,1.7953697748281456,-1.0844759950153033,14.6161882847470892,-15.1962048528322988
646,1.2068583474730232,-0.9833917540223887,10.3982933625279443,-10.6748112899020953
647,1.7644083235662862,-1.0798239158060525,14.3897677799110042,-14.9533527409497076
648,2.1372493691992815,-1.1443681999630400,16.8724769306001505,-17.6298361931065593
649,1.3747656442436451,-1.0123149337886410,11.6369813815822667,-11.9988078935017271
650,0.5670387246141075,-0.8750791483247369,5.3960436519227173,-5.3656740587532710
651,1.5379129076139861,-1.0419559193227705,12.7882541070138913,-13.2334387850244539
652,-1.9738262532988422,-0.4535089188391446,-16.8871773275008010,17.4401860193175366
653,2.5865644650995705,-1.2229065311675669,19.6427190466849808,-20.6297423262748332
654,1.8575565319728753,-1.0961148774133811,15.0227059096702575,-15.6347209306144741
655,-2.2048003877975937,-0.4138553526563449,-18.8917519141409969,19.4155631895264946
656,1.7368441412055944,-1.0751531922173356,14.2000548133844759,-14.7493049972948924
657,-2.5825037624138965,-0.3493419226679180,-22.1206245323008375,22.5688885099854204
658,2.3910261514557334,-1.1888473325124629,18.4646070504800051,-19.3525091886932508
659,-3.7514689698634456,-0.1496248650783123,-31.4416302845069815,31.4615345674424489
660,-1.7199181298347632,-0.4968628657990664,-14.6557052547792210,15.2251233720707191
661,1.2890150991654679,-0.9985196976232942,10.9933982515800537,-11.3109110359857112
662,-0.4301369305604368,-0.7112571629289945,-3.1376010840874997,3.5409422791280107
663,-2.7069832393066982,-0.3302178369320359,-23.2026384014114413,23.6163069811141710
664,-2.2257824688898005,-0.4113912522472916,-19.0955666286840184,19.6146759333710534
665,-3.3823696406308130,-0.2131638295683302,-28.6351663018461267,28.8172433660983742
666,0.4543864373829010,-0.8568176640115439,4.4597335449221376,-4.3783812454974012
667,2.5623350834690299,-1.2172194305975310,19.5175744813890830,-20.4936289174119040
668,-3.4177844320554414,-0.2078823175233211,-28.9252701304709419,29.0914535431975239
669,1.6564570090103032,-1.0600353505954203,13.6633339070411850,-14.1712317991836549
670,2.3018537604239881,-1.1718975148287889,17.9319353203160787,-18.7750069589632744
671,-2.2489604964065215,-0.4059963036900456,-19.2712641313481612,19.7886446585054188
672,1.5547841517013552,-1.0439625506911803,12.9242353719555965,-13.3787735441086042
673,2.3000181316426449,-1.1716874366427596,17.9181608287416836,-18.7604736355147423
674,2.6186807368306688,-1.2289694522707535,19.8265731907424296,-20.8293059735690136
675,2.4688259247377928,-1.2023762624467800,18.9385846185485534,-19.8659172850805987
676,1.5718059175165635,-1.0470087366728791,13.0412865677407339,-13.5041149100011921
677,2.3744421685849630,-1.1851013295602186,18.3732784458326464,-19.2535293870606132
678,1.6755864913319130,-1.0659382849503061,13.7559638617108888,-14.2718906036692204
679,1.2006297064209335,-0.9838963210527751,10.3264666684721718,-10.5990072136837199
680,2.4178900618000227,-1.1933749324879734,18.6302039089293814,-19.5317606863759679
681,-3.5232080108966706,-0.1891397592408985,-29.7242555763950627,29.8469248410070307
682,1.2658885154169681,-0.9953532868506549,10.8087182461804545,-11.1140968103864495
683,2.5792377181554684,-1.2211249460522993,19.6062606516666236,-20.5896400517615810
684,-2.9935968544254905,-0.2821407347412297,-25.5848667035178252,25.9095160304268362
685,0.2216614915466693,-0.8198593418672360,2.4870032892149894,-2.3076008025861157
686,-3.0996314910020537,-0.2640260740049811,-26.4406615580252264,26.7283147400799876
687,-3.0028420987081041,-0.2801797820360541,-25.6530732851127041,25.9753127982038379
688,1.1918281624004265,-0.9810792451804708,10.2826561879536698,-10.5513479975826456
689,2.3712158790852840,-1.1849474442926287,18.3477744989340081,-19.2257499380609147
690,-2.3393769331056191,-0.3917437400143093,-20.0697661149332944,20.5695552343084884
691,1.0893654709430578,-0.9646717029037504,9.4869580062523013,-9.7035522482055043
692,2.3217263393681264,-1.1768596195244143,18.0337406573322099,-18.8861020217028539
693,2.0125536031754336,-1.1232110654505831,16.0569808901226097,-16.7496711096998929
694,0.4789828424649087,-0.8611335071347987,4.6609325928654428,-4.5902169995781108
695,-2.6000792735068181,-0.3482310554654937,-22.3055585527340838,22.7473475509470191
696,0.9304427679697795,-0.9376801563353396,8.2621619005483566,-8.4011138768206735
697,-3.5785774706792068,-0.1811879476337808,-30.1756381688481490,30.2711896635679452
698,-2.4135363016462570,-0.3785254373157230,-20.6895787212054287,21.1755093081359789
699,-1.6066572971053361,-0.5137021757395388,-13.6079773671914737,14.1798691025435417
700,2.0825991261068637,-1.1354174833371822,16.5129274186934438,-17.2417356882290456
701,-2.1302627908549177,-0.4276006996660797,-18.2647314287384290,18.7986962163677020
702,-0.6555393295569019,-0.6711536032547514,-5.0820039651793962,5.5432476281296701
703,-2.1255316278495791,-0.4264733691052882,-18.1890704261199332,18.7255517201031338
704,-2.8766299400539985,-0.3011470926153343,-24.6069004291848472,24.9709899844940608
705,-3.3027582549552612,-0.2273838421347811,-28.0255404870760714,28.2388808510595695
706,0.6516249570112365,-0.8901258384774664,6.0642092431599153,-6.0716286399215775
707,-2.1445966898340565,-0.4236684241333499,-18.3591914629814212,18.8924736138065015
708,-3.2860125527420934,-0.2314001534094636,-27.9103723364009397,28.1294290545397629
709,1.9372602500296452,-1.1093618466044823,15.5679637883159145,-16.2220145562994311
710,2.3120670954132905,-1.1739903902838051,17.9882526944656220,-18.8365621262224217
711,2.2626624314166364,-1.1658791954357461,17.6767445481199488,-18.4996177795668899
712,1.5619959182129719,-1.0448564089008769,12.9767864879665282,-13.4347177525388908
713,-3.4356526999593662,-0.2048651700901374,-29.0628652947054675,29.2219533308560884
714,0.5618066955065828,-0.8760617768097454,5.3165968561520529,-5.2822608209111195
715,2.2503787619533924,-1.1640245397518143,17.5927861041610996,-18.4084507925774368
716,-2.9524610693615188,-0.2876498892104955,-25.2171211074886941,25.5576976360477559
717,2.1956610908388825,-1.1536329938711063,17.2588582695538335,-18.0472009094694457
718,2.2570324844819041,-1.1654913154290618,17.6299238730620615,-18.4490352226453744
719,-3.4448556330353952,-0.2033261586312172,-29.1367933200059213,29.2914984860024035
720,2.3983708242744086,-1.1901034620210957,18.5087781912311229,-19.4005604410967152
721,2.3433362814796084,-1.1790601712076807,18.1904242280110040,-19.0552370009213163
722,0.0818343783748219,-0.7964066674010510,1.3023545431318766,-1.0684041238234414
723,-2.2054570227952368,-0.4142199918971912,-18.9071511739214984,19.4312665313959059
724,0.1555814882090729,-0.8081106034416692,1.9413108330084867,-1.7361801372343137
725,2.6505769480426906,-1.2348386692024462,20.0090005458697746,-21.0273296059479087
726,-1.2587217988242472,-0.5732192825050468,-10.5186844564696216,11.0762292660788333
727,-2.5861311904597351,-0.3504123493546949,-22.1824832532874083,22.6282504254211361
728,2.0249611037866160,-1.1243942973818122,16.1524637408624656,-16.8522934617810414
729,-2.2306037356924158,-0.4109748615398345,-19.1454926592541597,19.6641986199005245
730,-0.9753918343204688,-0.6204666515777468,-7.9845128356421142,8.5079063494021199
731,1.5871714114026858,-1.0493248692227830,13.1544658989018401,-13.6253506481092117
732,-3.5276531600729797,-0.1886398038993704,-29.7649921236138901,29.8853263426522560
733,-3.3730210269688783,-0.2153624964493019,-28.5730099057604079,28.7587048241823240
734,-3.3084842754246857,-0.2276177983171728,-28.0888570655889680,28.2988218315929814
735,-3.0830664465179360,-0.2657650373430371,-26.2901526428552117,26.5851247253518110
736,-3.4049619134301921,-0.2099206173692387,-28.8237992854121785,28.9957135594976521
737,1.6481227794569051,-1.0591009386364938,13.5939576659465544,-14.0975613020532187
738,-3.2228018015094868,-0.2425435241295126,-27.4152455860895472,27.6581430076276362
739,-1.1442872698474886,-0.5915065633141339,-9.4813115690492324,10.0276908116911727
740,2.3858914384437142,-1.1876393377618690,18.4350648493837852,-19.3204816294804615
741,-3.4180900361488362,-0.2078815663634224,-28.9290813590887623,29.0954370313013655
742,-2.8755047704604664,-0.3018719605864852,-24.6113588791924656,24.9749593293277812
743,-2.4765550563675340,-0.3694078398648095,-21.2589564801076563,21.7302988885938575
744,-2.6083395566261949,-0.3463027772007159,-22.3629709366977067,22.8030299015755062
745,1.2009928205290450,-0.9835709141406745,10.3350086862354615,-10.6078747581934252
746,-2.8363511710119660,-0.3079845575052893,-24.2763773928336946,24.6532550370095080
747,2.0016824238641249,-1.1209295012065859,15.9883048391808913,-16.6753614897055655
748,-3.2652273324438887,-0.2341473856673382,-27.7348377171061813,27.9626615216322634
749,0.2173583916396922,-0.8178662355190234,2.4695529434508217,-2.2889953163714623
750,2.0622046142852923,-1.1296147279470929,16.4108831675093469,-17.1304735064154414
751,-2.9426607498210302,-0.2897263041855176,-25.1455341803934189,25.4883369080826938
752,1.5507218624702972,-1.0442182245182181,12.8766775029056717,-13.3283670612285867
753,-2.8867140244936742,-0.2983425649384372,-24.6688585456791358,25.0313219215073914
754,-3.4427263371149408,-0.2036998982224674,-29.1189955533350755,29.2750677027336010
755,-3.6523084796687115,-0.1669833214092939,-30.7077214850835283,30.7728195498643728
756,-0.5120525779345613,-0.6976081015941702,-3.8579830009297638,4.2838975025780641
757,2.1161848704686221,-1.1407815864357644,16.7373745282755451,-17.4837907059695397
758,-2.6760352647130254,-0.3337873836847081,-22.9129122966306866,23.3367594140315404
759,-2.1978954577353491,-0.4157156466792635,-18.8450752196457287,19.3695320156199244
760,0.4765497615494780,-0.8617187470584291,4.6194286890804577,-4.5478144276200680
761,1.2628970689370931,-0.9921694817074815,10.8297856618990167,-11.1354077452877647
762,2.5107330015565452,-1.2101154908505585,19.1869874663049629,-20.1351492744063378
763,1.2290963324617650,-0.9889694941142828,10.5343436832898689,-10.8211790029390755
764,-2.2299259892260821,-0.4096375645895947,-19.1097330436339377,19.6298322486591488
765,-2.7174523316244112,-0.3274719228914442,-23.2752139640359701,23.6873745315590511
766,1.6846097727609788,-1.0662820814400789,13.8340953124563484,-14.3557254390589506
767,1.0068161652699104,-0.9512525533792200,8.8448707409108849,-9.0202488332379076
768,-1.1879954809057125,-0.5822055103635897,-9.8303656674899216,10.3820186669584658
769,-2.9455863476466924,-0.2891584643380511,-25.1723994449490007,25.5144772783478615
770,2.4226343455391159,-1.1923969174844551,18.6832311526710626,-19.5883822129201519
771,-0.8875190840889999,-0.6340606367196067,-7.1785148797983496,7.6876270337465726
772,2.5987310648930304,-1.2245380014492078,19.7214120355503226,-20.7145887064645109
773,-2.2536536938901008,-0.4061130130259443,-19.3279940015738987,19.8431157990298246
774,-0.9991961393968509,-0.6160817502607365,-8.1906126165715420,8.7182287430391341
775,2.4460153135270772,-1.1988734385009359,18.7969426973504241,-19.7127838879615318
776,-2.9608594554277801,-0.2876944057373265,-25.3156756977259576,25.6516379183468288
777,0.8806145258697811,-0.9305584128873043,7.8521610293762549,-7.9657589975901502
778,-3.2643726942892677,-0.2345120873426367,-27.7293033301355720,27.9570663281610408
779,-1.0288598658945034,-0.6118141772364538,-8.4699454186834231,9.0011807593107065
780,-2.9339004900604131,-0.2913198214488908,-25.0777728568562424,25.4234899224895301
781,1.5238677850285853,-1.0377910863315627,12.7151264629160394,-13.1539194193594469
782,-2.4347399716668896,-0.3768837376810481,-20.9087256000140229,21.3886681728157910
783,-2.9368936533483740,-0.2908660793080955,-25.1040620497628169,25.4486258018284772
784,0.5342379354944171,-0.8716805765781181,5.0872646213442394,-5.0408978816552761
785,2.5337402717483926,-1.2134030511146108,19.3324526634455580,-20.2926054313963284
786,2.1012855102043986,-1.1380133804190393,16.6424173043018939,-17.3815216779101576
787,2.3490240446099904,-1.1814477417271192,18.2055492147021951,-19.0720497841248573
788,-2.3474655902293371,-0.3911998723306560,-20.1539513567837929,20.6519917373430673
789,0.9146022356847894,-0.9352827767727661,8.1310812928881475,-8.2616879632832934
790,1.3262591230621439,-1.0050057965268984,11.2641582351756071,-11.6003729663689832
791,1.4456937099118505,-1.0259715877674793,12.1296261563458145,-12.5274515992214859
792,-1.9467528805972130,-0.4559404018032893,-16.6102479141591886,17.1674437214363138
793,-3.6622843324108771,-0.1652382026064174,-30.7786835946934758,30.8394212647627839
794,2.4150568957449323,-1.1924224604398788,18.6201712786372369,-19.5206736818877786
795,-3.4127015970952534,-0.2090692737382263,-28.8897890592111963,29.0582294690424945
796,-2.7809280012870552,-0.3165962241499543,-23.8034281331628179,24.1972117680430543
797,-2.4363925208378205,-0.3756351623871872,-20.9069141109718331,21.3875698471322764
798,-3.5158954262787177,-0.1905927028406289,-29.6746609130667984,29.7998165126067747
799,2.2926516315567511,-1.1704042440544455,17.8720596076974161,-18.7103147228562960
800,1.6884416774687381,-1.0663824542409941,13.8762131658252557,-14.4006019790222872
801,1.2933641533693958,-0.9989695159542720,11.0299186372006446,-11.3494114597491347
802,-3.6674556349619358,-0.1643817774841416,-30.8158257870006054,30.8742896659313075
803,0.7693616743626919,-0.9090678441709841,7.0215209708814612,-7.0836165765620507
804,-0.8530147170989650,-0.6407296442985491,-6.8887106390998127,7.3910111577922279
805,2.3619913297980943,-1.1838126376191411,18.2873318548113630,-19.1604474552459898
806,1.0861602685426561,-0.9641756458392834,9.4598406003169302,-9.6753561583183654
807,-0.7766769016263382,-0.6531266074553983,-6.2004127856879023,6.6879131445018700
808,-2.8476319684399201,-0.3051522001134224,-24.3540308503073248,24.7284298269181662
809,-3.0419865446084025,-0.2732869278328138,-25.9667893677318418,26.2761116589257782
810,-3.3001108272424098,-0.2280705561051199,-28.0058826188913628,28.2209692874126503
811,2.2421607611776437,-1.1616621940621350,17.5582158436780489,-18.3711900431825477
812,2.3214082719128868,-1.1758967302151397,18.0447413312256018,-18.8976215605124089
813,2.3281832169267318,-1.1776934396473457,18.0757631117019244,-18.9313403361807389
814,-2.6577876910601645,-0.3372180196242915,-22.7667044549778623,23.1955377522288515
815,1.5584758808170207,-1.0434550748722344,12.9696128715030810,-13.4261535506440950
816,-2.9188930640659230,-0.2944840042916788,-24.9679309315920506,25.3175487868443199
817,1.2332475582823150,-0.9897109863314029,10.5677049737639450,-10.8563296857742699
818,1.1452679179392078,-0.9730943375385444,9.9305564309714853,-10.1761587987879025
819,-0.9840895073883615,-0.6173887289229754,-8.0296512310398498,8.5545350762137105
820,2.4586174766033793,-1.2004155341581715,18.8768116662087309,-19.7991619132853423
821,1.3512966221056644,-1.0097446322485730,11.4424641115334467,-11.7917288090093351
822,0.7141083964346038,-0.9002672858096687,6.5735154537165030,-6.6100812885992113
823,2.3986482593591347,-1.1899777136180525,18.5146424664395610,-19.4065671315164927
824,2.3833484031805057,-1.1862279587630553,18.4340521545450358,-19.3190039881040434
825,-1.5575852869325040,-0.5223530354675319,-13.1754811904558267,13.7475214350077550
826,-2.8027050270511218,-0.3133563559033483,-23.9903749972872689,24.3774626798278220
827,-2.1508746996269146,-0.4237837000530149,-18.4419435791082975,18.9732147374870408
828,-2.4991297438141551,-0.3644914928406067,-21.4296810403723299,21.8966468787235513
829,-2.6646676245589376,-0.3367523154144969,-22.8376878706825934,23.2635579733149669
830,1.7512702029171052,-1.0778220052535907,14.2982648219142803,-14.8547123180414289
831,2.2040961154586611,-1.1548440097284356,17.3169412513571004,-18.1096122264410582
832,2.0311221032470357,-1.1246145448762910,16.2025751293139209,-16.9064817560198257
833,1.7127040479438378,-1.0724267983969007,14.0111602133723139,-14.5465678838930472
834,1.8148585122942364,-1.0891378445095938,14.7303145519866874,-15.3198435866230227
835,-3.2195385840912358,-0.2412685925325562,-27.3588463423197936,27.6051040162940708
836,-2.2888809258576863,-0.3987569147201313,-19.6053052233307596,20.1160757943388404
837,-1.1416625363919728,-0.5922778890104574,-9.4671917686702045,10.0136478792156822
838,1.6132155925674496,-1.0541039101749945,13.3352477934411766,-13.8195633897267314
839,-2.8897976178698812,-0.2980535537551852,-24.7006833770342382,25.0615425657547277
840,0.3681847406319534,-0.8429625884546823,3.7345511371421978,-3.6162288257416009
841,2.2348572843579149,-1.1622950722640262,17.4808074743806614,-18.2880034934734788
842,-2.1455474442996199,-0.4236036022078196,-18.3728994344927159,18.9057069349078120
843,1.4783170763864391,-1.0315903781440348,12.3647930135832027,-12.7793930353698357
844,2.2094057765308932,-1.1569680503487803,17.3329483599496754,-18.1278207410751797
845,0.6967288256591999,-0.8992971420822933,6.3993648564488339,-6.4266585994051013
846,0.1257971586245574,-0.8011750475786741,1.7256678859548913,-1.5093816509642650
847,1.6200408166431544,-1.0543484358394615,13.3980789480146498,-13.8867407410048926
848,1.6189752864721001,-1.0539544953784485,13.3945478642563884,-13.8824494081665755
849,1.9157828044909735,-1.1054878996318820,15.4267310096339472,-16.0692742826972399
850,0.9933463934107394,-0.9478763120912141,8.7628430931209280,-8.9328377545610707
851,-3.1127077541856671,-0.2617709698436776,-26.5453535870424560,26.8289756238564436
852,-2.7853018459019694,-0.3171034781800479,-23.8575305619447704,24.2489950683828752
853,0.6303682843590508,-0.8877395431058517,5.8710286150971811,-5.8674866107799417
854,-3.1105801410651530,-0.2602533401606806,-26.4938917963564791,26.7802828119439553
855,1.6837564734998693,-1.0649780989983384,13.8500427850145584,-14.3718662729961295
856,2.0653560960464148,-1.1303796097785650,16.4298557750170389,-17.1515639674134199
857,-2.5087685004243845,-0.3624358604808364,-21.5048610598024510,21.9696116711974909
858,-2.1812147397008523,-0.4178073251987904,-18.6826727502552217,19.2103038536118333
859,-2.3452828121984020,-0.3913990204987741,-20.1307583664839029,20.6294955809663492
860,2.4870136612398070,-1.2049921599823250,19.0559199215821238,-19.9932428303834477
861,2.1724896519205785,-1.1500452149410663,17.1070802163605364,-17.8837547244824364
862,-3.1099165349528839,-0.2608877046433520,-26.4988166257845066,26.7849277900836213
863,-1.8750288502980439,-0.4708797041569923,-16.0302637064714872,16.5908092299735941
864,-2.8589032080939063,-0.3046218601180435,-24.4718589350670399,24.8404682809603869
865,-3.3014793258377040,-0.2287942379596473,-28.0336698351982321,28.2461908609348811
866,0.6478754045734334,-0.8899499947640450,6.0239977446202104,-6.0285804702701071
867,-3.0681751085908076,-0.2681655281714868,-26.1663522583936583,26.4667936718656946
868,-3.0211649826862015,-0.2768476031190410,-25.7993249368869826,26.1155004503563859
869,1.0371882944167439,-0.9550773040686380,9.1004801865518701,-9.2918711157598040
870,2.5718739583940433,-1.2188546555045399,19.5739752783404484,-20.5545117302624440
871,-2.3300230333385379,-0.3925000337664812,-19.9732294418109149,20.4755137214675358
872,-2.7032606335591716,-0.3291765478112723,-23.1406729632119550,23.5571806315807564
873,2.1173578708500216,-1.1410759112894020,16.7413302340939296,-17.4883731639576681
874,2.2493811121322480,-1.1636026620068982,17.5887358218006327,-18.4041511069376327
875,-3.7028138819446461,-0.1585232515926052,-31.0853141768344159,31.1272595146899036
876,1.4752665494153376,-1.0301588323684499,12.3559651994258175,-12.7690928741755023
877,1.8236374425650581,-1.0902299140253824,14.7928116771868687,-15.3869826229318072
878,1.6457038700336994,-1.0586471847353387,13.5814833132221437,-14.0832675289150799
879,1.2742477604822184,-0.9951909124073026,10.8956351406829199,-11.2060678970113159
880,1.7639952973871686,-1.0800808248728480,14.3865675241794477,-14.9496742867699837
881,2.4548943431184824,-1.2000896218246844,18.8518911688806199,-19.7721220998513374
882,1.5749911347277674,-1.0460013376068673,13.0893385450117918,-13.5550451015003617
883,-2.5783111417662852,-0.3520053581478706,-22.1207625599440050,22.5680659417961564
884,-2.9113317969201127,-0.2945414511404358,-24.8793193442644167,25.2334558315301436
885,-0.0586306588571759,-0.7712826934636077,0.1346400924917219,0.1501530602288099
886,1.6916435064106849,-1.0673707311208354,13.8851788765653694,-14.4101405470908333
887,2.0948589023771476,-1.1379789166137577,16.5847046681935879,-17.3191467531158345
888,0.3744866988695179,-0.8434237867073335,3.7999313431609139,-3.6847674753832891
889,0.2385789961925937,-0.8202565062102138,2.6728827730571041,-2.5011238120535921
890,0.3515302033222127,-0.8390710176853453,3.6183313580337071,-3.4931453205395044
891,-0.9602825941571567,-0.6208962256819781,-7.8062535938837101,8.3277840758764157
892,1.2660949206485483,-0.9942398896387772,10.8278861828418300,-11.1333833190118767
893,1.9564882841512414,-1.1115384758478157,15.7128267928263270,-16.3778367523796469
894,1.9132764333009291,-1.1056920701181632,15.3998871471822483,-16.0408497507250019
895,-1.5734655807841307,-0.5188650193118356,-13.3017788396345864,13.8747751252539544
896,1.3782960050060140,-1.0140018518250500,11.6455566964100754,-12.0084301657707719
897,2.2900627455370568,-1.1705320969081257,17.8452230684305775,-18.6814628743412072
898,-1.7509852690164038,-0.4916559670004368,-14.9305054058607709,15.4977059111575812
899,0.5838028678667655,-0.8776775893589388,5.5321759736342315,-5.5091908549409752
900,1.1618318605616267,-0.9771354926522555,10.0378174393038435,-10.2910477043249671
901,1.0953257049137761,-0.9651318060023826,9.5431406302359179,-9.7631008242499746
902,-3.0659543199322457,-0.2701991068357721,-26.1773719365329711,26.4764372886183210
903,1.0907855791313992,-0.9646379262998579,9.5073698402901030,-9.7255696824182110
904,2.4029666101760370,-1.1911204570028566,18.5337372071110522,-19.4276217513014196
905,-2.7407362514646820,-0.3247768707675753,-23.4876848664122733,23.8919156078702670
906,1.0909869112197157,-0.9653650225825565,9.4948841458657753,-9.7125130434623372
907,2.3838442696970432,-1.1873262600938510,18.4229760103346294,-19.3073858073216122
908,-2.3224472690960809,-0.3947547222294894,-19.9292287392066214,20.4320890760450169
909,-3.6359997177553858,-0.1700306757115868,-30.5840110354927148,30.6562504654771075
910,1.5756513456886765,-1.0487442217046237,13.0522142626970563,-13.5166893243391542
911,0.8530071845073053,-0.9257004478100193,7.6390386665000349,-7.7400047667212277
912,0.4902537894107795,-0.8640227658418702,4.7306853674739173,-4.6647659129193784
913,-1.7770165050539042,-0.4858650956129793,-15.1344146339126198,15.7020500657262474
914,1.8734090085351056,-1.0985459923718004,15.1368953538672670,-15.7576479305780985
915,-2.1180347376561564,-0.4273424681954374,-18.1138398233717766,18.6513171095852073
916,-1.7999750164748676,-0.4812055667117185,-15.3204553391635514,15.8873075976981610
917,1.5393820147713981,-1.0423183572159580,12.7974810911413286,-13.2429206512619473
918,-2.0691177896024335,-0.4363149337347672,-17.7014938459046789,18.2445699380983797
919,2.5646113001024418,-1.2180613242688025,19.5259081351125232,-20.5021228914568319
920,-2.9051368845115384,-0.2966584971211255,-24.8502727182802374,25.2042414722034849
921,0.9509587741075123,-0.9423155235900751,8.4041952152895689,-8.5522263758327881
922,-2.1247870343297457,-0.4273862929352568,-18.1965780595732838,18.7324091257624943
923,-2.2805985674422686,-0.4016026005786628,-19.5616598811774836,20.0729533591664548
924,0.8897635972605897,-0.9321143310767859,7.9248989357053787,-8.0431211974989978
925,2.1168043807768555,-1.1412656302123132,16.7344557992295719,-17.4809620653318731
926,0.1197533801280386,-0.8009029966428578,1.6622333169333601,-1.4438904234235963
927,-3.4332201597604950,-0.2046620845546840,-29.0366903795712901,29.1980252971516094
928,-3.5665227432477771,-0.1825259595002784,-30.0716515573864491,30.1738671043468329
929,-2.9462375047125597,-0.2890127317620745,-25.1787792516716920,25.5203239608310994
930,-3.0267855501816250,-0.2756969105865537,-25.8399565183278952,26.1542605895077074
931,2.4029952823521441,-1.1903838910302262,18.5458244450408003,-19.4403617897225054
932,-2.9581122181950192,-0.2870635251232514,-25.2751040173499888,25.6129487636118611
933,-0.2801159448636170,-0.7340244111331344,-1.7765067370390213,2.1354267699615974
934,-2.2671538846094457,-0.4043891748836010,-19.4559137212006803,19.9688615417323732
935,1.7930930542227230,-1.0835007134136845,14.6083246780962881,-15.1875276331144846
936,0.7905686374463130,-0.9148189738627686,7.1516564416304576,-7.2227934790659916
937,-2.9162544619964912,-0.2930602080815952,-24.9094195264714600,25.2625917556603596
938,0.5421248272179255,-0.8725857097464349,5.1616016315374296,-5.1185996239558946
939,2.2504102600932683,-1.1628376728149341,17.6112937745755929,-18.4280051770343789
940,-1.6045129576506731,-0.5146892017466342,-13.5993361029434610,14.1713794781149431
941,2.1184845212257954,-1.1420477371989968,16.7394276636461470,-17.4865426357392657
942,0.8989838876373284,-0.9313346666431208,8.0383556636113482,-8.1619585451893641
943,2.1554512653767901,-1.1462392391925924,17.0093698628893648,-17.7771621255004781
944,-3.4874632630306373,-0.1966351494371530,-29.4753040357722114,29.6110244997936789
945,2.1288651248764623,-1.1418065491953300,16.8348516790909102,-17.5888395748599038
946,2.4747037165305059,-1.2031841445351219,18.9784234685498987,-19.9090284806718110
947,-2.8308005412748720,-0.3091285089572047,-24.2358041944751932,24.6130372263138142
948,-2.7080060916543509,-0.3302076662572411,-23.2130734884673799,23.6266481752515247
949,1.3958095864331099,-1.0160534980088762,11.7885440570115279,-12.1617109218589938
950,-1.7596594351609411,-0.4891428418845791,-14.9875011365869426,15.5557492603283833
951,-1.1087229605555109,-0.5973408563815568,-9.1595706052944479,9.7013127182188015
952,1.8150699892521942,-1.0882975296533566,14.7429501228696509,-15.3327114683214560
953,-1.2156951178371749,-0.5802943897150215,-10.1363128362937971,10.6906544075494025
954,-2.1072891650309877,-0.4313394157411530,-18.0611243275594191,18.5982174395554409
955,-0.1251174703781359,-0.7612542954220807,-0.4589456449592575,0.7670187524832102
956,-2.6467490372485223,-0.3404152318915976,-22.6982463703384028,23.1277654905229682
957,1.2320567592880920,-0.9886390211112008,10.5711304899552729,-10.8598907795102946
958,-3.2954860515948639,-0.2302766858037941,-27.9924645202291060,28.2066574685492171
959,1.1709878030204663,-0.9778220066040326,10.1171855506502553,-10.3748599094784808
960,-3.1831893968052327,-0.2498686058091835,-27.1113928845727798,27.3684214695928247
961,-1.6055967782023188,-0.5148636624010337,-13.6152131154616640,14.1870535919491587
962,-2.6430352888695197,-0.3411977587199111,-22.6695227526154071,23.1005798038733943
963,-3.5003219425676519,-0.1933903036281066,-29.5549576265377247,29.6873942865482192
964,1.5463133809997700,-1.0408500721959086,12.8867572601814757,-13.3376557721546867
965,1.0523915505826551,-0.9578847544835405,9.2131179924402105,-9.4119100226559027
966,-1.8464250507433349,-0.4740930580339864,-15.7483188999877726,16.3121074258555581
967,1.8542767482893083,-1.0940553177921792,15.0234020996717348,-15.6349820263555124
968,-3.4633719061012513,-0.2003521009279083,-29.2820420755559141,29.4289296596820051
969,-1.8431327357334162,-0.4759220483329898,-15.7448174761464941,16.3080883588290959
970,1.8179554813205243,-1.0877254440938415,14.7785045781043820,-15.3704873455246371
971,2.3744023286131721,-1.1848393780121604,18.3777004429911486,-19.2575046545771791
972,1.8987117424503097,-1.1019056541375178,15.3240172077149666,-15.9584663018117148
973,1.0739262668757377,-0.9623902921662548,9.3616753753430331,-9.5708948631321888
974,-3.3469154051268362,-0.2209784361102223,-28.3899925091662197,28.5841597415406525
975,2.1083708265074961,-1.1400923332599433,16.6771237796506071,-17.4192945270495407
976,-2.2537586100210660,-0.4064254378205483,-19.3353405412178603,19.8505013067849845
977,-3.2698031277906239,-0.2327763469477162,-27.7589726920411479,27.9859128300298394
978,0.2004936810759403,-0.8165039924598751,2.3043438200896702,-2.1164643905660654
979,0.4549709331926195,-0.8582005859489783,4.4422578590559780,-4.3610917981736250
980,1.8596876767442794,-1.0962413435498064,15.0418844695773899,-15.6549667613077439
981,-2.1932528589021985,-0.4166937725834465,-18.8122371618676709,19.3368775668384103
982,-3.2145562459104262,-0.2438595859521655,-27.3480485510464675,27.5945378043534006
983,-1.4247797919989580,-0.5453471589304293,-12.0057172760830611,12.5744255208367548
984,2.2925806555457697,-1.1721968049332077,17.8463887730169191,-18.6831709767150080
985,-1.9246940198924882,-0.4613413906068011,-16.4453693836131976,17.0033229293414294
986,2.2134053906058639,-1.1570316217395948,17.3699682766894270,-18.1674955748459368
987,-2.5690983432156607,-0.3527969888053839,-22.0288722242653634,22.4791816006658323
988,1.8852287212962082,-1.1009895292216072,15.2088335346284182,-15.8351500705229817
989,2.2304606099811508,-1.1607691433023462,17.4648545472447765,-18.2705350244462856
990,-2.1995634228918988,-0.4154337199509932,-18.8603974836885158,19.3845673883954461
991,-3.4154520364959353,-0.2084699490855755,-28.9083091246157835,29.0761031034947379
992,-3.4295035281349406,-0.2068066229439900,-29.0318540371430061,29.1922005183207531
993,-1.9662787721195514,-0.4529011671765453,-16.7839343052346663,17.3386254871757046
994,-2.7989331824864543,-0.3132293039971756,-23.9461281865214062,24.3353736935520644
995,-2.3304231765152181,-0.3923528580557729,-19.9702795890479834,20.4731390360001768
996,1.7442077925713519,-1.0766392732835257,14.2481090358422264,-14.8006310826310177
997,-2.4894463077783016,-0.3652749510467501,-21.3300774962725299,21.8003852471606976
998,1.7360159650380496,-1.0742102956722448,14.2058476140994046,-14.7550688297999955
999,-2.6773403279802181,-0.3348581005083062,-22.9469483064683644,23.3694930111162833
1000,0.8294764977008597,-0.9207915701403984,7.4699287926919808,-7.5606726938715241
